coin,action,news_timestamp,execution_timestamp,entry_price,exit_price,quantity,pnl,confidence,total_latency_ms
BTC,BUY,2024-01-01 02:54:00+00:00,2024-01-01 02:54:00.010000+00:00,40120.7646,39536.4095,0.024924749315470424,-14.564904378716667,1.0,10
ETH,BUY,2024-01-01 13:19:00+00:00,2024-01-01 13:19:00.010000+00:00,2148.0332,2104.9306,0.4648640950065988,-20.036851141431292,1.0,10
ETH,BUY,2024-01-01 18:57:00+00:00,2024-01-01 18:57:00.010000+00:00,1981.4831,1958.9224,0.5029262295741939,-11.346367787554515,1.0,10
BTC,BUY,2024-01-01 08:48:00+00:00,2024-01-01 08:48:00.010000+00:00,43432.0302,41379.1398,0.022990947118150796,-47.197894625759524,1.0,10
BTC,BUY,2024-01-02 15:55:00+00:00,2024-01-02 15:55:00.010000+00:00,29588.7195,31520.6412,0.033481861160184846,64.68433413174824,1.0,10
BTC,BUY,2024-01-02 23:46:00+00:00,2024-01-02 23:46:00.010000+00:00,29699.7051,26702.1783,0.033574536456250165,-100.64057282518688,1.0,10
ETH,BUY,2024-01-01 22:55:00+00:00,2024-01-01 22:55:00.010000+00:00,1937.0418,1635.5627,0.5138790436371738,-154.9237915845959,1.0,10
BTC,BUY,2024-01-03 13:45:00+00:00,2024-01-03 13:45:00.010000+00:00,21846.1484,23452.547,0.04447453973986786,71.44383837376812,1.0,10
ETH,BUY,2024-01-03 20:46:00+00:00,2024-01-03 20:46:00.010000+00:00,1265.9223,1515.7866,0.7731452230648181,193.1813899594346,1.0,10
